['478649281'],Not available
['221644901'],MamaPhilthrpst
['207639971'],KenzaBouchaara
['26637881'],CorporateGames
['47637491'],APensiveSoul
['32633321'],anthonyrivera71
['61630691'],HThompsonDPI
['29626001'],MariaSimoneau
['1254624301'],thejoyceevans
['466619621'],SusanRLimor
['2974617871'],LeslieTHatamiya
['25606471'],911Update
['22606341'],strifone
['17604981'],peggypingel
['83601411'],FullyMarketed
['41598181'],nicolegruen
['380597321'],deploydepot
['18596021'],SustainPartners
['483588691'],LornaJoyYes
['16584961'],julietangen
['489580551'],lykafynwyn09
['515565361'],CarolFWEsq
['14561251'],rcalcaterra
['229560471'],Super_Dad_Esq
['1553561'],chrisbachmann
['21552901'],amievaccaro
['82552771'],pamelaiswell
['1280546761'],SEconomistK
['90543081'],nuclearliz
['308536021'],DEHuntley
['326534321'],BeverlyByrdEsq
['260534301'],cynthiafirst
['24533761'],LisaAnnGiunta
['70533691'],AJLAW561
['22523861'],jessgopal
['93521551'],Fed_Career_HR
['163518431'],Dean2010AG
['310518301'],MaiaGilman
['76517251'],han01i
['58515421'],hmbien
['1449506101'],darrigoe
['15502091'],postaljammer
['16495951'],CoachKamna
['271493761'],waldorfvidtours
['543493281'],Tequila_Weintz
['24493191'],kjh94518
['2992491431'],MonaEDajani
['18490191'],joybutler
['23489641'],gwenmayes
['68489631'],donnadriskell
['2840489671'],Not available
['17487781'],MaiAnhNguyen
['354484311'],GirlsGuidetoLS
['17480321'],robin_sager
['170477341'],sellbie
['2810475891'],jackieyzhou
['260468141'],SeeSaraRun86
['48467571'],taraskyegoldin
['109463891'],gbhalla
['127462321'],ASHOTOFCHER
['76461541'],ameliatimbers
['47456551'],NancyGoshow
['48450711'],ABACtrProBono
['20449121'],cyndib810
['16442611'],MarnaThall
['21438331'],CarolHubbard_11
['3024438311'],SakiCorp_us
['555437941'],StacieEdelman
['760435861'],CSlaterMD
['140431211'],ErinFlior
['227427311'],gingermccall
['123426381'],sarabethchapman
['82423741'],KathleenRice
['80415251'],MsGreen7
['95412431'],kateywood
['248410761'],AditiNerurkar
['42410251'],NancyOKuhn
['539406611'],McCoyforJudge
['2965403741'],kirachuchom
['37400831'],joslinhall
['402396671'],TammyBHall
['346395501'],NJImmigraAttys
['3387891'],AmJur_Finah
['42386011'],LawyerWorld
['36385281'],SWdeG
['713384551'],CynthiaADP
['58384201'],PRlady007
['58380921'],OrthoOnc
['356378941'],lawyer4employer
['92376251'],joythepartydiva
['78370551'],_FamilyLaw_
['326369881'],RachelSheinbein
['564368961'],S2risk
['35368831'],Brynn22
['19368241'],VanellaGroup
['49367791'],ElinorHS
['1365041'],brandyk
['3364581'],AVasilevskis
['16364371'],Pennenga
['14358221'],Hcraft
['3356521'],shredbetty
['310356041'],EastWestComs
['14356031'],birgitjohnston
['19355821'],michaeloko
['36352841'],t3chlaw
['43334091'],georgiarichter
['2333011'],MissInformation
['111332601'],CharisDamiano
['269330571'],e_p_fitzy
['39326361'],Gina_at_LCL
['386325091'],KDRLawGroup
['86322981'],Rachael_IP
['44308191'],Lanettetay
['435305681'],McFarlaneLisa
['15302031'],staylor_made
['3009297431'],BrendaJaye
['16297151'],Not available
['181289911'],shahootie1960
['185285111'],StLouisPILaw
['1284931'],hpadkisson
['310284391'],MGWLAW
['4283311'],jenchung
['39281901'],collierlaw
['267281491'],CloudMom
['30280121'],Goodmil
['332279481'],Stormieda
['456259101'],wilmareiber
['57258291'],Not available
['37257711'],DrSam1078
['2814254311'],hollynnbeck
['70253091'],MsOrga9iz
['591249361'],stephaniefargas
['14248311'],jwswartz
['4247821'],Mumblemumble
['794246731'],aleszek
['2821245021'],breakintobiglaw
['22243491'],MerrillJD
['992239171'],jfhillman
['179237051'],GetOrganizedDC
['70232571'],mrzthomas09
['102232271'],mckeemarketing
['414228421'],Leah_Micro
['873227551'],KristaJenkins10
['584226351'],SachaOnMoney
['14225461'],sfuhs
['19223201'],K8_Monster
['15223231'],christian_twitr
['19219861'],stickbook
['544217851'],howgetadivorce
['22217781'],AnitaStaver
['252213791'],myCloud009
['154212931'],kelleyjdwyerlaw
['110211311'],Zenbones2010
['23210111'],MarliesL
['832206961'],MemoriesColorin
['539204391'],EllenOTauscher
['460204091'],dr_liz_chuang
['42203851'],allardchu
['2203811'],ingrid818
['25203301'],Hsarangapani
['104200261'],RuthAnnFem
['243199871'],Honey_Boud
['19198241'],kj813
['275196821'],mymodernlaw
['208195651'],LawMktgGeek
['101195431'],Dbacktraining
['18195191'],htomasson
['41194711'],liabo
['362194251'],JillBidenVeep
['49191661'],DrTammaraMoore
['974190241'],edewaters
['70188601'],marthacoakley
['24185801'],PatsyTalks
['1185151'],leese
['131184931'],lsiegellaw
['991180951'],NAI
['47175281'],Not available
['545174391'],theminimalina
['2370168701'],BassettCW
['21162771'],MaripatT
['309161441'],Not available
['302161381'],Not available
['22159841'],Not available
['1158721'],Not available
['18147891'],Not available
['586143121'],Not available
['289142911'],Not available
['17140361'],Not available
['41138111'],Not available
['82137201'],Not available
['2129211'],Not available
['33124771'],Not available
['29118181'],Not available
['2900116191'],Not available
['113113941'],Not available
['15112081'],Not available
['744105301'],Not available
['45101771'],Not available
['19099151'],Not available
['119098921'],Not available
['21095241'],Budini
['106093661'],susanmusich
['148090241'],AEGagenXO
['2804089471'],LibbyZinke
['15088401'],LAN_monika
['2082721'],ellachou
['71081121'],AskLauren
['72078261'],CarolAChapman
['18077221'],carlick
['300076221'],tonicforhealth
['18075491'],JillStelfox
['15074491'],katecordray
['395070141'],JoanMBrowne
['138068931'],ttmolini
['15067841'],LAMAJA
['108067771'],DaveDugan1
['237064541'],ripon92
['221056721'],NewNYLawyer
['409056061'],KimAMilan
['365039741'],Smediabuzz
['19039531'],RainaCox
['255032751'],czcanteros
['18030541'],tracyruss
['18027291'],SherynAnthes
['345025111'],ChitwoodLaw
['371025021'],Doctor_Kym
['181021141'],AsheLockhart
['2018811'],heidigro
['16016431'],CYBEResq
['61015621'],StephanieZED
['30013521'],DaileyNudge
['74005841'],amyefallon
['192004141'],BoulderNPO
['2347002771'],LawOfficeofNK
['6999402'],sona310
['5998492'],PrestoVivace
['249995742'],DrPurvey
['322993002'],CareyBeen
['154992382'],DRCWN
['348987672'],DUIAttySanDiego
['18986402'],marilynnagel
['23982312'],thewebandprint
['946982052'],LA_LegalTalent
['889980282'],DebraPianalto
['147979062'],SCI_DC
['2226978692'],PurvisGrayLLP
['345978192'],Kaliko_Law
['807972252'],KatyThompsonROL
['5968702'],LoriG
['1266968762'],AmandaFamilyLaw
['54966232'],Not available
['13965952'],Not available
['47965912'],Not available
['2596960212'],Not available
['12960222'],Not available
['23953042'],Not available
['263942002'],Not available
['269940592'],Not available
['408938632'],Not available
['186936812'],Not available
['22935682'],Not available
['18923902'],Not available
['12921692'],Not available
['11920992'],Not available
['73920772'],Not available
['63917312'],Not available
['423914242'],Not available
['117910852'],Not available
['60908992'],Not available
['21906762'],Not available
['5905772'],Not available
['40904372'],Not available
['35902922'],Not available
['7899862'],Not available
['15899412'],Not available
['26886242'],Not available
['71885792'],Not available
['213878132'],Not available
['71877312'],Not available
['341871312'],Not available
['17867882'],Not available
['510866432'],Not available
['934862952'],Not available
['96862462'],Not available
['1060860422'],Not available
['10858042'],Not available
['99852902'],Not available
['1439848872'],Not available
['952847712'],Not available
['917846772'],Not available
['294844512'],Not available
['2168841452'],Not available
['73841372'],Not available
['27827502'],Not available
['74825112'],Not available
['17822312'],Not available
['774819792'],Not available
['26819532'],Not available
['6817202'],Not available
['16815192'],Not available
['9814692'],Not available
['37813732'],Not available
['594813412'],Not available
['408811662'],Not available
['15809272'],Not available
['134803562'],Not available
['319802372'],Not available
['3162798882'],Not available
['437794632'],Not available
['54794122'],Not available
['14789042'],Not available
['23788882'],Not available
['12788212'],Not available
['242787942'],Not available
['620786342'],Not available
['1086784692'],Not available
['2737784022'],Not available
['205781062'],Not available
['427778152'],Not available
['13776582'],Not available
['2174776002'],Not available
['460775082'],Not available
['244768882'],Not available
['11768352'],Not available
['115767852'],Not available
['611763802'],Not available
['1058762022'],Not available
['14755452'],Not available
['7753442'],Not available
['16747662'],Not available
['510745842'],Not available
['313740242'],Not available
['293735872'],Not available
['9733542'],Not available
['1252730472'],Not available
['608729282'],Not available
['9724192'],Not available
['2993723892'],Not available
['387722802'],Not available
['177719652'],Not available
['87718852'],Not available
['10712602'],Not available
['366703342'],Not available
['156700302'],Not available
['19687912'],Not available
['14687792'],Not available
['37682432'],Not available
['10676432'],Not available
['34673692'],Not available
['2613673602'],Not available
['44672122'],Not available
['42666382'],Not available
['474664342'],Not available
['220659432'],Not available
['15657102'],Not available
['80653232'],Not available
['12650782'],Not available
['373644452'],Not available
['357644372'],Not available
['246639062'],Not available
['244638212'],Not available
['13634202'],Not available
['6631972'],Not available
['480628962'],Not available
['298615002'],Not available
['15613172'],Not available
['2301612492'],Not available
['148606062'],Not available
['9604772'],Not available
['30603052'],Not available
['269602152'],Not available
['11601732'],Not available
['6601122'],Not available
['1169600192'],Not available
['393596432'],Not available
['8592972'],Not available
['2600582892'],Not available
['373582852'],Not available
['274582462'],Not available
['21580462'],Not available
['274579912'],Not available
['569579112'],Not available
['1012567272'],Not available
['6563232'],Not available
['37562062'],Not available
['13559402'],Not available
['2733557462'],Not available
['20557162'],Not available
['14550952'],Not available
['16545672'],Not available
['473543702'],Not available
['534543752'],Not available
['8543252'],Not available
['19543252'],Not available
['896542652'],Not available
['16539162'],Not available
['26538412'],Not available
['492538212'],Not available
['461536952'],Not available
['79536902'],Not available
['9534212'],Not available
['2905532282'],Not available
['771532122'],Not available
['17531502'],Not available
['362526822'],Not available
['20526672'],Not available
['76524392'],Not available
['944521032'],Not available
['9520432'],Not available
['1559516712'],Not available
['1553516082'],Not available
['145513672'],Not available
['243513512'],Not available
['145507662'],Not available
['21507452'],Not available
['33506552'],Not available
['12505252'],Not available
['8501552'],Not available
['5501442'],Not available
['21501082'],Not available
['110500042'],Not available
['2235499752'],Not available
['446495062'],Not available
['174494882'],Not available
['21490562'],Not available
['75489882'],Not available
['201489202'],Not available
['216489052'],Not available
['7488732'],Not available
['51482272'],Not available
['20477362'],Not available
['55464652'],Not available
['14464282'],Not available
['22463252'],Not available
['18462462'],Not available
['89462112'],Not available
['112460032'],Not available
['32457202'],Not available
['21456462'],Not available
['13455472'],Not available
['20451982'],Not available
['424448542'],Not available
['13448172'],Not available
['9445452'],Not available
['23440432'],Not available
['5438292'],Not available
['205438132'],Not available
['7436472'],Not available
['161432442'],Not available
['1269432212'],Not available
['238430772'],Not available
['46429762'],Not available
['259427702'],Not available
['14423072'],Not available
['18421432'],Not available
['20421282'],Not available
['637420962'],Not available
['782412932'],Not available
['606410262'],Not available
['11407192'],Not available
['992405322'],Not available
['20400202'],Not available
['355392342'],Not available
['11392302'],Not available
['84391952'],Not available
['1912391822'],Not available
['343390102'],Not available
['8387732'],Not available
['41386522'],Not available
['1367381952'],Not available
['201381042'],Not available
['1020370142'],Not available
['1041368582'],Not available
['28365132'],Not available
['380360832'],Not available
['7356412'],Not available
['71354862'],Not available
['47354592'],Not available
['7354032'],Not available
['602351452'],Not available
['10349862'],Not available
['128349262'],Not available
['28349272'],Not available
['364348972'],Not available
['20346102'],Not available
['425339072'],Not available
['23332012'],Not available
['121330732'],Not available
['36326392'],Not available
['14323622'],Not available
['202323442'],Not available
['23323312'],Not available
['476322712'],Not available
['1114315902'],Not available
['766315392'],Not available
['22314272'],Not available
['294311752'],Not available
['347307522'],Not available
['490306622'],Not available
['38304022'],Not available
['30302632'],Not available
